index,title
1,Redline
2,Perfect Place
3,He's So Good
4,Right By My Side
5,God's Plan
6,I Run
7,Never Let You Fall
8,Would You Love Me?
9,Gimme Your Love (Lo…
10,OTR feat Punkin
11,The Bird Was Me [EP]
12,Night Drive
13,"Lover Gone, Left Alone"
14,Take My Hand
15,Perfect Summer Time
16,Won't Love You This…
17,The Way You Loved…
18,You Can't Stay
19,I'm at The Show (Let's…
20,Everything in You
21,Praise The Light
22,Take Off
23,The Storm (EP)
24,Inside
25,I Need You
26,You're My Forever
27,My Room
28,Everything We Need
29,Let Me Go (Cover)
30,Lover Gone Left Me A…
31,Love Never Let Go
32,In A Dream
33,Lost and Found
34,I Trust You (Not Forev…
35,Falling For You
36,Feeling This Way (Wil…
37,I Never Knew
38,How Could I Ask You L…
39,China Man
40,Sea-Doo
41,Kitty Bite Back
42,You're In Love
43,Take Off
44,Takin' On The Floor
45,You're My Forever (C…
46,Forever (Our Love Will…
47,Rainy Night Dance
48,Under The Sun
49,Fade Away
50,Down In This River
51,Driving Fast (In A Tesla)
52,At Night It's Hard On…
53,Trinity From Baltimore
54,Alive (Break Of Th…
55,Standin' My Ground
56,Something I Could Fe…
57,Took A Chance On You
58,Best of Me (Heartbre…
59,Lost In You
60,Deep Inside
61,Love Me For Life
62,Drown In This River
63,Taking The Night
64,Love Whispering Out
65,Making It Hot (Guarac…
66,Miss Jones EP [Colo…
